Word,POS,NER,Sentence
message,NN,O,1
"""",'',O,2
E-statement,NNP,O,2
of,IN,O,2
your,PRP$,O,2
Axis,NNP,CBNK,2
Bank,NNP,CBNK,2
Credit,NNP,O,2
Card,NNP,O,2
no,UH,O,2
.,.,O,2
XX3946,NNP,CNUM,2
has,VBZ,O,2
been,VBN,O,2
generated,VBN,O,2
.,.,O,2
Total,NNP,O,2
Amount,NNP,O,2
Due,NNP,O,2
INR,NNP,CDUE,2
Dr,NNP,CDUE,2
.,.,CDUE,2
9101.66,CD,CDUE,2
",",",",O,2
Minimum,NNP,O,2
Amount,NNP,O,2
Due,NNP,O,2
INR,NNP,MDUE,2
Dr,NNP,MDUE,2
.,.,MDUE,2
456,CD,MDUE,2
",",",",O,2
Due,IN,O,2
date,NN,O,2
02,CD,BDD,2
-,HYPH,BDD,2
DEC,NNP,BDD,2
-,HYPH,BDD,2
23,CD,BDD,2
.,.,O,2
Click,VB,O,2
https,NN,O,2
:,:,O,2
/,SYM,O,2
/,SYM,O,2
cc.axisbank.co.in,NNP,O,2
/,SYM,O,2
nLGVw-oxA,NNP,O,2
to,TO,O,2
view,VB,O,2
/,SYM,O,2
download,NN,O,2
.,.,O,2
"""",'',O,2
Your,PRP$,O,3
Axis,NNP,CBNK,3
Bank,NNP,CBNK,3
Credit,NNP,O,3
Card,NNP,O,3
XX4939,NN,CNUM,3
statement,NN,O,3
of,IN,O,3
INR,NNP,CDUE,3
27926,CD,CDUE,3
with,IN,O,3
due,JJ,O,3
date,NN,O,3
02,CD,BDD,3
-,HYPH,BDD,3
Dec,NNP,BDD,3
-,HYPH,BDD,3
23,NNP,BDD,3
is,VBZ,O,3
generated,VBN,O,3
.,.,O,3
Click,VB,O,3
here,RB,O,3
axisbank.com,ADD,O,3
/,SYM,O,3
ccpaynow,VBP,O,3
to,TO,O,3
view,VB,O,3
the,DT,O,3
transaction,NN,O,3
details,NNS,O,3
.,.,O,3
Min,NNP,O,3
Amt,NNP,O,3
due,JJ,O,3
INR,NNP,MDUE,3
1397,CD,MDUE,3
.,.,O,3
Statement,NNP,O,4
for,IN,O,4
your,PRP$,O,4
Axis,NNP,CBNK,4
Bank,NNP,CBNK,4
Credit,NNP,O,4
Card,NNP,O,4
XX4234,NNP,CNUM,4
due,IN,O,4
on,IN,O,4
01,CD,BDD,4
-,HYPH,BDD,4
02,CD,BDD,4
-,SYM,BDD,4
24,CD,BDD,4
for,IN,O,4
INR,NNP,CDUE,4
3340.71,CD,CDUE,4
is,VBZ,O,4
ready,JJ,O,4
.,.,O,4
View,VB,O,4
details,NNS,O,4
@,IN,O,4
axisbank.com,ADD,O,4
/,SYM,O,4
ccpaynow,NN,O,4
;,:,O,4
Min,NNP,O,4
amt,VBN,O,4
due,JJ,O,4
is,VBZ,O,4
INR,NNP,MDUE,4
1899,CD,MDUE,4
.,.,O,4
"""",'',O,5
E-statement,NN,O,5
of,IN,O,5
your,PRP$,O,5
Axis,NNP,CBNK,5
Bank,NNP,CBNK,5
Credit,NNP,O,5
Card,NNP,O,5
no,UH,O,5
.,.,O,5
XX3946,NNP,CNUM,5
has,VBZ,O,5
been,VBN,O,5
generated,VBN,O,5
.,.,O,5
Total,NNP,O,5
Amount,NNP,O,5
Due,NNP,O,5
INR,NNP,CDUE,5
0,CD,CDUE,5
",",",",O,5
Minimum,NNP,O,5
Amount,NNP,O,5
Due,NNP,O,5
INR,NNP,MDUE,5
0,CD,MDUE,5
",",",",O,5
Due,IN,O,5
date,NN,O,5
04,CD,BDD,5
-,HYPH,BDD,5
MAR,NNP,BDD,5
-,HYPH,BDD,5
24,CD,BDD,5
.,.,O,5
Click,VB,O,5
https,NN,O,5
:,:,O,5
/,SYM,O,5
/,SYM,O,5
cc.axisbank.co.in,NN,O,5
/,SYM,O,5
p37Wg-Xt,NNP,O,5
to,TO,O,5
view,VB,O,5
/,SYM,O,5
download,NN,O,5
.,.,O,5
"""",'',O,5
"""",``,O,6
E-statement,NN,O,6
of,IN,O,6
your,PRP$,O,6
Axis,NNP,CBNK,6
Bank,NNP,CBNK,6
Credit,NNP,O,6
Card,NNP,O,6
no,UH,O,6
.,.,O,6
XX4668,NN,CNUM,6
has,VBZ,O,6
been,VBN,O,6
generated,VBN,O,6
.,.,O,6
Total,NNP,O,6
Amount,NNP,O,6
Due,NNP,O,6
INR,NNP,CDUE,6
Cr,NNP,CDUE,6
.,.,CDUE,6
28346.48,CD,CDUE,6
",",",",O,6
Minimum,NNP,O,6
Amount,NNP,O,6
Due,NNP,O,6
INR,NNP,MDUE,6
0,CD,MDUE,6
",",",",O,6
Due,IN,O,6
date,NN,O,6
04,CD,BDD,6
-,HYPH,BDD,6
JAN,NNP,BDD,6
-,HYPH,BDD,6
24,CD,BDD,6
.,.,O,6
Click,VB,O,6
https,NN,O,6
:,:,O,6
/,SYM,O,6
/,SYM,O,6
cc.axisbank.co.in,NN,O,6
/,SYM,O,6
oOXQD-cYl,NNP,O,6
to,TO,O,6
view,VB,O,6
/,SYM,O,6
download,NN,O,6
.,.,O,6
"""",'',O,6
"""",``,O,7
E-Statement,NN,O,7
of,IN,O,7
your,PRP$,O,7
Axis,NNP,CBNK,7
Bank,NNP,CBNK,7
Credit,NNP,O,7
Card,NNP,O,7
no,UH,O,7
.,.,O,7
XX7854,NNP,CNUM,7
has,VBZ,O,7
been,VBN,O,7
generated,VBN,O,7
.,.,O,7
Total,JJ,O,7
amount,NN,O,7
due,JJ,O,7
:,:,O,7
INR,NNP,CDUE,7
Dr,NNP,CDUE,7
.,.,CDUE,7
75030.34,CD,CDUE,7
.,.,O,7
Minimum,JJ,O,7
amt,NN,O,7
due,JJ,O,7
:,:,O,7
INR,NNP,MDUE,7
Dr,NNP,MDUE,7
.,.,MDUE,7
1501.00,CD,MDUE,7
",",",",O,7
Due,IN,O,7
date,NN,O,7
:,:,O,7
07,CD,BDD,7
-,SYM,BDD,7
06,CD,BDD,7
-,SYM,BDD,7
24,CD,BDD,7
.,.,O,7
Visit,VB,O,7
https,NN,O,7
:,:,O,7
/,SYM,O,7
/,SYM,O,7
ccm.axbk.in,NNP,O,7
/,SYM,O,7
s,NNP,O,7
/,SYM,O,7
KOrHOUly,NNP,O,7
to,TO,O,7
view,VB,O,7
/,SYM,O,7
download,NN,O,7
.,.,O,7
"""",'',O,7
"""",``,O,8
E-stmt,NNP,O,8
for,IN,O,8
your,PRP$,O,8
SBI,NNP,CBNK,8
Card,NNP,O,8
ending,VBG,O,8
with,IN,O,8
XX92,NNP,CNUM,8
dated,VBN,O,8
03,CD,BDD,8
/,SYM,BDD,8
09,CD,BDD,8
/,SYM,BDD,8
2023,CD,BDD,8
has,VBZ,O,8
been,VBN,O,8
sent,VBN,O,8
to,IN,O,8
your,PRP$,O,8
registered,VBN,O,8
email,NN,O,8
ID,NNP,O,8
.,.,O,8
Total,JJ,O,8
Amt,NNP,O,8
Due,NN,O,8
:,:,O,8
Rs,NNS,CDUE,8
16974,CD,CDUE,8
",",",",O,8
Min,NNP,O,8
Amt,NNP,O,8
Due,NN,O,8
:,:,O,8
Rs,NNS,MDUE,8
4211,CD,MDUE,8
is,VBZ,O,8
payable,JJ,O,8
by,IN,O,8
23,CD,BDD,8
/,SYM,BDD,8
09,CD,BDD,8
/,SYM,BDD,8
2023,CD,BDD,8
.,.,O,8
SMS,NNP,O,8
ENRS,NNP,O,8
to,IN,O,8
5676791,CD,O,8
if,IN,O,8
not,RB,O,8
received,VBN,O,8
within,IN,O,8
24,CD,O,8
-,SYM,O,8
48,CD,O,8
hrs,NN,O,8
.,.,O,8
Click,VB,O,8
https,NN,O,8
:,:,O,8
/,SYM,O,8
/,SYM,O,8
sbicard.com,ADD,O,8
/,HYPH,O,8
quickpaynet,NN,O,8
to,TO,O,8
pay,VB,O,8
your,PRP$,O,8
SBI,NNP,CBNK,8
Credit,NNP,O,8
Card,NNP,O,8
bill,NN,O,8
.,.,O,8
"""",'',O,8
"""",``,O,9
E-statement,NN,O,9
of,IN,O,9
SBI,NNP,CBNK,9
Credit,NNP,O,9
Card,NNP,O,9
ending,VBG,O,9
XX96,NNP,CNUM,9
dated,VBD,O,9
19,CD,BGD,9
/,SYM,BGD,9
01,CD,BGD,9
/,SYM,BGD,9
2024,CD,BGD,9
has,VBZ,O,9
been,VBN,O,9
mailed,VBN,O,9
.,.,O,9
If,IN,O,9
not,RB,O,9
received,VBN,O,9
",",",",O,9
SMS,NNP,O,9
ENRS,NNP,O,9
to,IN,O,9
5676791,CD,O,9
.,.,O,9
Total,JJ,O,9
Amt,NNP,O,9
Due,NNP,O,9
Rs,NN,CDUE,9
34436,CD,CDUE,9
;,:,O,9
Min,NNP,O,9
Amt,NNP,O,9
Due,NNP,O,9
Rs,NN,MDUE,9
2875,CD,MDUE,9
;,:,O,9
Payable,JJ,O,9
by,IN,O,9
08,CD,BDD,9
/,SYM,BDD,9
02,CD,BDD,9
/,SYM,BDD,9
2024,CD,BDD,9
.,.,O,9
Click,VB,O,9
https,NN,O,9
:,:,O,9
/,SYM,O,9
/,SYM,O,9
sbicard.com,ADD,O,9
/,HYPH,O,9
quickpaynet,NN,O,9
to,TO,O,9
pay,VB,O,9
your,PRP$,O,9
bill,NN,O,9
"""",'',O,9
"""",``,O,10
Dear,NNP,O,10
SBI,NNP,CBNK,10
Cardholder,NNP,O,10
",",",",O,10
outstanding,JJ,O,10
of,IN,O,10
Rs,NNS,CDUE,10
.,.,CDUE,10
3100.00,CD,CDUE,10
",",",",O,10
on,IN,O,10
your,PRP$,O,10
credit,NN,O,10
card,NN,O,10
ending,VBG,O,10
7712,CD,CNUM,10
is,VBZ,O,10
due,JJ,O,10
on,IN,O,10
12,CD,BDD,10
-,HYPH,BDD,10
FEB,NNP,BDD,10
-,HYPH,BDD,10
24,CD,BDD,10
.,.,O,10
Min,NNP,O,10
.,.,O,10
Amount,NN,O,10
Due,JJ,O,10
:,:,O,10
Rs,NNS,MDUE,10
.,.,MDUE,10
200.00,CD,MDUE,10
.,.,O,10
Please,UH,O,10
ignore,VB,O,10
if,IN,O,10
already,RB,O,10
paid,VBN,O,10
.,.,O,10
Click,VB,O,10
here,RB,O,10
:,:,O,10
https,NN,O,10
:,:,O,10
/,SYM,O,10
/,SYM,O,10
sbicard.com,ADD,O,10
/,HYPH,O,10
quickpaynet,NN,O,10
to,TO,O,10
make,VB,O,10
online,JJ,O,10
payment,NN,O,10
.,.,O,10
"""",'',O,10
"""",``,O,11
E-statement,NN,O,11
of,IN,O,11
SBI,NNP,CBNK,11
Credit,NNP,O,11
Card,NNP,O,11
ending,VBG,O,11
XX04,NNP,CNUM,11
dated,VBD,O,11
09,CD,BGD,11
/,SYM,BGD,11
05,CD,BGD,11
/,SYM,BGD,11
2024,CD,BGD,11
has,VBZ,O,11
been,VBN,O,11
mailed,VBN,O,11
.,.,O,11
If,IN,O,11
not,RB,O,11
received,VBN,O,11
",",",",O,11
SMS,NNP,O,11
ENRS,NNP,O,11
to,IN,O,11
5676791,CD,O,11
.,.,O,11
Total,JJ,O,11
Amt,NNP,O,11
Due,NNP,O,11
Rs,NN,CDUE,11
51386,CD,CDUE,11
;,:,O,11
Min,NNP,O,11
Amt,NNP,O,11
Due,NNP,O,11
Rs6812,NN,O,11
;,:,O,11
Payable,JJ,O,11
by,IN,O,11
29,CD,BDD,11
/,SYM,BDD,11
05,CD,BDD,11
/,SYM,BDD,11
2024,CD,BDD,11
.,.,O,11
Click,VB,O,11
https,NN,O,11
:,:,O,11
/,SYM,O,11
/,SYM,O,11
sbicard.com,ADD,O,11
/,HYPH,O,11
quickpaynet,NN,O,11
to,TO,O,11
pay,VB,O,11
your,PRP$,O,11
bill,NN,O,11
"""",'',O,11
Jan,NNP,O,12
-,HYPH,O,12
24,CD,O,12
statement,NN,O,12
for,IN,O,12
Credit,NNP,O,12
Card,NNP,O,12
X5159,NN,CNUM,12
Total,JJ,O,12
Due,NNP,O,12
:,:,O,12
INR,NNP,CDUE,12
13321.88,CD,CDUE,12
Min,NNP,O,12
Due,NN,O,12
:,:,O,12
INR,NNP,MDUE,12
13317.14,CD,MDUE,12
Due,IN,O,12
date,NN,O,12
:,:,O,12
02,CD,BDD,12
-,HYPH,BDD,12
Feb,NNP,BDD,12
-,HYPH,BDD,12
24,CD,BDD,12
.,.,O,12
Pay,VB,O,12
at,IN,O,12
www.kotak.com,ADD,O,12
/,SYM,O,12
rd,NN,O,12
/,SYM,O,12
CCPYMT,NNP,O,12
-,HYPH,O,12
Kotak,NNP,O,12
Bank,NNP,O,12
"""",'',O,13
Dear,NNP,O,13
Customer,NNP,O,13
",",",",O,13
statement,NN,O,13
for,IN,O,13
YES,NNP,CBNK,13
BANK,NNP,CBNK,13
Credit,NNP,O,13
Card,NNP,O,13
ending,VBG,O,13
1028,CD,CNUM,13
has,VBZ,O,13
been,VBN,O,13
generated,VBN,O,13
and,CC,O,13
will,MD,O,13
reach,VB,O,13
you,PRP,O,13
in,IN,O,13
24,CD,O,13
to,IN,O,13
48,CD,O,13
hrs,NN,O,13
.,.,O,13
Total,JJ,O,13
Due,NNP,O,13
:,:,O,13
INR,NNP,CDUE,13
.0,CD,CDUE,13
.,.,O,13
Min,NNP,O,13
Due,NN,O,13
:,:,O,13
INR,NNP,MDUE,13
.0,CD,MDUE,13
and,CC,O,13
Payment,NNP,O,13
Due,NNP,O,13
Date,NNP,O,13
:,:,O,13
08,CD,BDD,13
/,SYM,BDD,13
03,CD,BDD,13
/,SYM,BDD,13
24,CD,BDD,13
.,.,O,13
Please,UH,O,13
pay,VB,O,13
including,VBG,O,13
the,DT,O,13
decimal,JJ,O,13
value,NN,O,13
to,TO,O,13
avoid,VB,O,13
charges,NNS,O,13
",",",",O,13
immediate,JJ,O,13
payment,NN,O,13
is,VBZ,O,13
required,VBN,O,13
if,IN,O,13
previous,JJ,O,13
statement,NN,O,13
dues,NNS,O,13
are,VBP,O,13
unpaid,JJ,O,13
.,.,O,13
-,:,O,13
YES,NNP,O,13
Bank,NNP,O,13
Limited,NNP,O,13
"""",'',O,13
"""",``,O,14
Dear,NNP,O,14
Customer,NNP,O,14
",",",",O,14
statement,NN,O,14
for,IN,O,14
YES,NNP,CBNK,14
BANK,NNP,CBNK,14
Credit,NNP,O,14
Card,NNP,O,14
ending,VBG,O,14
7051,CD,CNUM,14
has,VBZ,O,14
been,VBN,O,14
generated,VBN,O,14
and,CC,O,14
will,MD,O,14
reach,VB,O,14
you,PRP,O,14
in,IN,O,14
24,CD,O,14
to,IN,O,14
48,CD,O,14
hrs,NN,O,14
.,.,O,14
Total,JJ,O,14
Due,NNP,O,14
:,:,O,14
INR,NNP,CDUE,14
14406.38,CD,CDUE,14
.,.,O,14
Min,NNP,O,14
Due,NN,O,14
:,:,O,14
INR,NNP,MDUE,14
738.64,CD,MDUE,14
and,CC,O,14
Payment,NNP,O,14
Due,NNP,O,14
Date,NNP,O,14
:,:,O,14
08,CD,BDD,14
/,SYM,BDD,14
02,CD,BDD,14
/,SYM,BDD,14
24,CD,BDD,14
.,.,O,14
Please,UH,O,14
pay,VB,O,14
including,VBG,O,14
the,DT,O,14
decimal,JJ,O,14
value,NN,O,14
to,TO,O,14
avoid,VB,O,14
charges,NNS,O,14
",",",",O,14
immediate,JJ,O,14
payment,NN,O,14
is,VBZ,O,14
required,VBN,O,14
if,IN,O,14
previous,JJ,O,14
statement,NN,O,14
dues,NNS,O,14
are,VBP,O,14
unpaid,JJ,O,14
.,.,O,14
-,:,O,14
YES,NNP,O,14
Bank,NNP,O,14
Limited,NNP,O,14
"""",'',O,14
"""",``,O,15
Dear,NNP,O,15
Customer,NNP,O,15
",",",",O,15
statement,NN,O,15
for,IN,O,15
YES,NNP,CBNK,15
BANK,NNP,CBNK,15
Credit,NNP,O,15
Card,NNP,O,15
ending,VBG,O,15
5665,CD,CNUM,15
has,VBZ,O,15
been,VBN,O,15
generated,VBN,O,15
and,CC,O,15
will,MD,O,15
reach,VB,O,15
you,PRP,O,15
in,IN,O,15
24,CD,O,15
to,IN,O,15
48,CD,O,15
hrs,NN,O,15
.,.,O,15
Total,JJ,O,15
Due,NNP,O,15
:,:,O,15
INR,NNP,CDUE,15
26388.29,CD,CDUE,15
.,.,O,15
Min,NNP,O,15
Due,NN,O,15
:,:,O,15
INR,NNP,MDUE,15
1374.34,CD,MDUE,15
and,CC,O,15
Payment,NNP,O,15
Due,NNP,O,15
Date,NNP,O,15
:,:,O,15
10,CD,BDD,15
/,SYM,BDD,15
03,CD,BDD,15
/,SYM,BDD,15
24,CD,BDD,15
.,.,O,15
Please,UH,O,15
pay,VB,O,15
including,VBG,O,15
the,DT,O,15
decimal,JJ,O,15
value,NN,O,15
to,TO,O,15
avoid,VB,O,15
charges,NNS,O,15
",",",",O,15
immediate,JJ,O,15
payment,NN,O,15
is,VBZ,O,15
required,VBN,O,15
if,IN,O,15
previous,JJ,O,15
statement,NN,O,15
dues,NNS,O,15
are,VBP,O,15
unpaid,JJ,O,15
.,.,O,15
-,:,O,15
YES,NNP,O,15
Bank,NNP,O,15
Limited,NNP,O,15
"""",'',O,15
An,DT,O,16
amount,NN,O,16
of,IN,O,16
INR,NNP,O,16
311.61,CD,O,16
received,VBN,O,16
on,IN,O,16
your,PRP$,O,16
YES,NNP,CBNK,16
BANK,NNP,CBNK,16
Credit,NNP,O,16
Card,NNP,O,16
ending,VBG,O,16
9743,CD,CNUM,16
from,IN,O,16
UPI_INNOVATIVE,NNP,O,16
RETAI,NNP,O,16
on,IN,O,16
23,CD,O,16
-,HYPH,O,16
04,CD,O,16
-,SYM,O,16
24,CD,O,16
.,.,O,16
Current,JJ,O,16
Total,NNP,O,16
Amount,NNP,O,16
Due,NNP,O,16
is,VBZ,O,16
INR,NNP,CDUE,16
9600.68,CD,CDUE,16
and,CC,O,16
Min,NNP,O,16
Amount,NNP,O,16
Due,NNP,O,16
INR,NNP,MDUE,16
495.61,CD,MDUE,16
due,JJ,O,16
on,IN,O,16
08,CD,BDD,16
-,HYPH,BDD,16
05,CD,BDD,16
-,HYPH,BDD,16
24,CD,BDD,16
.,.,O,16
-,HYPH,O,16
YES,NNP,CBNK,16
BANK,NNP,CBNK,16
LTD,NNP,O,16
"""",'',O,17
Dear,NNP,O,17
Customer,NNP,O,17
",",",",O,17
statement,NN,O,17
for,IN,O,17
ICICI,NNP,CBNK,17
Bank,NNP,CBNK,17
Credit,NNP,O,17
Card,NNP,O,17
XX1005,NNP,CNUM,17
has,VBZ,O,17
been,VBN,O,17
sent,VBN,O,17
to,IN,O,17
akshat.birla,CD,O,17
ยก,NNP,O,17
gmail.com,ADD,O,17
.,.,O,17
Total,JJ,O,17
amount,NN,O,17
of,IN,O,17
Rs,NNS,O,17
-,HYPH,O,17
"1,1,3,0.07",NN,O,17
or,CC,O,17
Minimum,JJ,O,17
amount,NN,O,17
of,IN,O,17
Rs,NNS,O,17
"1,1,3,0,0,0.06",CD,O,17
is,VBZ,O,17
due,JJ,O,17
by,IN,O,17
21,CD,BDD,17
-,HYPH,BDD,17
JAN,NNP,BDD,17
-,HYPH,BDD,17
24,CD,BDD,17
.,.,O,17
"""",'',O,17
ICICI,NNP,CBNK,18
Bank,NNP,CBNK,18
Credit,NNP,O,18
Card,NNP,O,18
XX0002,NNP,CNUM,18
Statement,NNP,O,18
is,VBZ,O,18
sent,VBN,O,18
to,IN,O,18
moluguharikrishna123,NNS,O,18
@,IN,O,18
gmail.com,ADD,O,18
.,.,O,18
Total,JJ,O,18
of,IN,O,18
Rs,NNS,CDUE,18
45335.66,CD,CDUE,18
or,CC,O,18
minimum,NN,O,18
of,IN,O,18
Rs,NNS,MDUE,18
2780,CD,MDUE,18
is,VBZ,O,18
due,JJ,O,18
by,IN,O,18
01,CD,BDD,18
-,HYPH,BDD,18
MAR,NNP,BDD,18
-,HYPH,BDD,18
24,CD,BDD,18
.,.,O,18
Total,JJ,O,19
Due,NNP,O,19
INR,NNP,CDUE,19
1713.54,CD,CDUE,19
&,CC,O,19
Min,NNP,O,19
Due,NNP,O,19
INR,NNP,MDUE,19
100,CD,MDUE,19
to,TO,O,19
be,VB,O,19
paid,VBN,O,19
by,IN,O,19
01,CD,BDD,19
-,HYPH,BDD,19
Mar,NNP,BDD,19
-,HYPH,BDD,19
24,CD,BDD,19
on,IN,O,19
ICICI,NNP,CBNK,19
Bank,NNP,CBNK,19
Credit,NNP,O,19
Card,NNP,O,19
XX1006,NNP,CNUM,19
.,.,O,19
Non-payment,NN,O,19
of,IN,O,19
Min,NNP,O,19
Due,NNP,O,19
will,MD,O,19
be,VB,O,19
reported,VBN,O,19
to,IN,O,19
credit,NN,O,19
bureaus,NN,O,19
Total,NNP,O,20
Rs,NNPS,CDUE,20
89365.46,CD,CDUE,20
or,CC,O,20
minimum,NN,O,20
Rs,NNS,MDUE,20
89365.46,CD,MDUE,20
for,IN,O,20
ICICI,NNP,CBNK,20
Bank,NNP,CBNK,20
Credit,NNP,O,20
Card,NNP,O,20
4375XXXXXXXX7009,CD,CNUM,20
due,JJ,O,20
on,IN,O,20
09,CD,BDD,20
-,HYPH,BDD,20
May,NNP,BDD,20
-,HYPH,BDD,20
24,CD,BDD,20
.,.,O,20
Pay,VB,O,20
at,IN,O,20
http,NN,O,20
:,:,O,20
/,SYM,O,20
/,SYM,O,20
nmc.sg,CD,O,20
/,SYM,O,20
e6ABWs,NNS,O,20
"""",'',O,21
The,DT,O,21
e-Statement,NNP,O,21
for,IN,O,21
your,PRP$,O,21
IDFC,NN,CBNK,21
FIRST,NNP,CBNK,21
Bank,NNP,CBNK,21
Credit,NNP,O,21
Card,NNP,O,21
XX2382,NNP,CNUM,21
has,VBZ,O,21
been,VBN,O,21
generated,VBN,O,21
.,.,O,21
Due,IN,O,21
Date,NNP,O,21
:,:,O,21
11,CD,BDD,21
-,SYM,BDD,21
10,CD,BDD,21
-,SYM,BDD,21
2023,CD,BDD,21
Total,NNP,O,21
Due,NN,O,21
:,:,O,21
Rs,NNS,CDUE,21
.,.,CDUE,21
-,HYPH,CDUE,21
"1,16,720.86",CD,CDUE,21
Min,NNP,O,21
Due,NN,O,21
:,:,O,21
Rs,NNS,MDUE,21
.,.,MDUE,21
-,HYPH,MDUE,21
"5,837.00",CD,MDUE,21
Use,VB,O,21
your,PRP$,O,21
date,NN,O,21
of,IN,O,21
birth,NN,O,21
in,IN,O,21
DDMM,NNP,O,21
format,NN,O,21
to,TO,O,21
access,VB,O,21
your,PRP$,O,21
e-Statement,NNP,O,21
https,NN,O,21
:,:,O,21
/,SYM,O,21
/,SYM,O,21
ecommunication.idfcfirstbank.com,NNP,O,21
:,:,O,21
8443,CD,O,21
/,SYM,O,21
bipRxnd3,NNS,O,21
"""",'',O,21
"""",``,O,22
The,DT,O,22
eStatement,NNP,O,22
for,IN,O,22
your,PRP$,O,22
FIRST,NNP,O,22
Millennia,NNP,O,22
Credit,NNP,O,22
Card,NNP,O,22
XX7349,NNP,CNUM,22
is,VBZ,O,22
due,JJ,O,22
on,IN,O,22
06,CD,BDD,22
-,HYPH,BDD,22
03,CD,BDD,22
-,HYPH,BDD,22
2024,CD,BDD,22
Total,NNP,O,22
Due,NNP,O,22
:,:,O,22
"4,782.00",CD,CDUE,22
Min,NNP,O,22
Due,NN,O,22
:,:,O,22
240.00,CD,MDUE,22
To,TO,O,22
access,VB,O,22
eStatement,NNP,O,22
use,VBP,O,22
your,PRP$,O,22
date,NN,O,22
ofbirth,RB,O,22
in,IN,O,22
DDMM,NNP,O,22
:,:,O,22
https,NN,O,22
:,:,O,22
/,SYM,O,22
/,SYM,O,22
ecommunication.idfcfirstbank.com,NNP,O,22
:,:,O,22
8443,CD,O,22
/,SYM,O,22
86kFAz6m,NN,O,22
Click,NNP,O,22
to,TO,O,22
pay,VB,O,22
:,:,O,22
https,NN,O,22
:,:,O,22
/,SYM,O,22
/,SYM,O,22
idfcfr.in,CD,O,22
/,SYM,O,22
i20etK,NNP,O,22
IDFC,NNP,CBNK,22
FIRST,NNP,CBNK,22
Bank,NNP,CBNK,22
"""",'',O,22
"""",``,O,23
The,DT,O,23
eStatement,NNP,O,23
for,IN,O,23
your,PRP$,O,23
FIRST,NNP,O,23
Classic,NNP,O,23
Credit,NNP,O,23
Card,NNP,O,23
XX0752is,NNP,CNUM,23
here,RB,O,23
.,.,O,23
Due,IN,O,23
by,IN,O,23
06,CD,BDD,23
-,HYPH,BDD,23
04,CD,BDD,23
-,HYPH,BDD,23
2024,CD,BDD,23
Total,NNP,O,23
Due,NNP,O,23
:,:,O,23
INR,NNP,CDUE,23
"2,223.00",CD,CDUE,23
Min,NNP,O,23
Due,NN,O,23
:,:,O,23
INR,NNP,MDUE,23
112.00,CD,MDUE,23
To,TO,O,23
access,VB,O,23
eStatement,NNP,O,23
use,VBP,O,23
your,PRP$,O,23
date,NN,O,23
of,IN,O,23
birth,NN,O,23
in,IN,O,23
DDMM,NNP,O,23
:,:,O,23
https,NN,O,23
:,:,O,23
/,SYM,O,23
/,SYM,O,23
ecommunication.idfcfirstbank.com,NNP,O,23
:,:,O,23
8443,CD,O,23
/,SYM,O,23
eZAMApbg,NNP,O,23
Click,VB,O,23
to,TO,O,23
pay,VB,O,23
:,:,O,23
https,NN,O,23
:,:,O,23
/,SYM,O,23
/,SYM,O,23
idfcfr.in,CD,O,23
/,SYM,O,23
i20etK,NNP,O,23
IDFC,NNP,CBNK,23
FIRST,NNP,CBNK,23
Bank,NNP,CBNK,23
"""",'',O,23
Your,PRP$,O,24
IDFC,NN,CBNK,24
FIRST,NNP,CBNK,24
Bank,NNP,CBNK,24
Credit,NNP,O,24
Card,NNP,O,24
XX4575,NNP,CNUM,24
bill,NN,O,24
due,JJ,O,24
by,IN,O,24
04,CD,BDD,24
-,HYPH,BDD,24
04,CD,BDD,24
-,HYPH,BDD,24
2024,CD,BDD,24
Total,NNP,O,24
Amt,NNP,O,24
:,:,O,24
INR,NNP,CDUE,24
2099.80,CD,CDUE,24
Min,NNP,O,24
Amt,NNP,O,24
:,:,O,24
INR,NNP,MDUE,24
105.00,CD,MDUE,24
Pay,NN,O,24
:,:,O,24
https,NN,O,24
:,:,O,24
/,SYM,O,24
/,SYM,O,24
idfcfr.in,CD,O,24
/,SYM,O,24
i20etK,NN,O,24
Total,JJ,O,25
amt,NN,O,25
of,IN,O,25
Rs,NNS,CDUE,25
.1868.82,CD,CDUE,25
is,VBZ,O,25
due,JJ,O,25
by,IN,O,25
03,CD,BDD,25
/,SYM,BDD,25
02,CD,BDD,25
/,SYM,BDD,25
24,CD,BDD,25
on,IN,O,25
RBL,NNP,CBNK,25
Bank,NNP,CBNK,25
Credit,NNP,O,25
Card,NNP,O,25
41,CD,O,25
.,.,O,25
Pls,VB,O,25
Pay,VB,O,25
at,IN,O,25
bit.ly,ADD,O,25
/,SYM,O,25
2TDeg5K,CD,O,25
.,.,O,25
Delayed,VBN,O,25
payments,NNS,O,25
are,VBP,O,25
reported,VBN,O,25
to,IN,O,25
credit,NN,O,25
bureaus,NN,O,25
.,.,O,25
Important,JJ,O,26
!,.,O,26
Your,PRP$,O,26
payment,NN,O,26
for,IN,O,26
RBL,NNP,CBNK,26
Bank,NNP,CBNK,26
Credit,NNP,O,26
Card,NNP,O,26
XXXXXXXXXXXXXXX6674,NNP,CNUM,26
is,VBZ,O,26
due,JJ,O,26
on,IN,O,26
03,CD,BDD,26
-,HYPH,BDD,26
Feb,NNP,BDD,26
-,HYPH,BDD,26
2024,CD,BDD,26
.,.,O,26
Total,NNP,O,26
Amount,NNP,O,26
due,JJ,O,26
is,VBZ,O,26
Rs,NNS,CDUE,26
.,.,CDUE,26
19456.01,CD,CDUE,26
.,.,O,26
Please,UH,O,26
make,VB,O,26
a,DT,O,26
payment,NN,O,26
for,IN,O,26
Minimum,NNP,O,26
Amount,NNP,O,26
Due,NNP,O,26
of,IN,O,26
Rs,NNPS,MDUE,26
.,.,MDUE,26
972.8,CD,MDUE,26
to,TO,O,26
enjoy,VB,O,26
uninterrupted,JJ,O,26
services,NNS,O,26
on,IN,O,26
your,PRP$,O,26
Card,NN,O,26
by,IN,O,26
visiting,VBG,O,26
https,NN,O,26
:,:,O,26
/,SYM,O,26
/,SYM,O,26
rzp.io,NNP,O,26
/,SYM,O,26
i,PRP,O,26
/,SYM,O,26
4tQBsaJpg,NNP,O,26
to,TO,O,26
pay,VB,O,26
now,RB,O,26
.,.,O,26
Please,UH,O,26
ignore,VB,O,26
if,IN,O,26
already,RB,O,26
paid,VBN,O,26
.,.,O,26
"""",'',O,27
HDFC,NNP,CBNK,27
Bank,NNP,CBNK,27
Credit,NNP,O,27
Card,NNP,O,27
XX1019,NNP,CNUM,27
Statement,NNP,O,27
:,:,O,27
Total,NNP,O,27
due,JJ,O,27
amt,XX,O,27
:,:,O,27
Rs,NNS,CDUE,27
".1,69,808.00",.,CDUE,27
Min,NNP,O,27
due,JJ,O,27
amt,XX,O,27
:,:,O,27
Rs,NNS,MDUE,27
".8,500.00",LS,MDUE,27
Due,JJ,O,27
by,IN,O,27
:,:,O,27
21,CD,BDD,27
-,HYPH,BDD,27
11,CD,BDD,27
-,SYM,BDD,27
2023,CD,BDD,27
.,.,O,27
View,NN,O,27
statement,NN,O,27
here,RB,O,27
:,:,O,27
https,NN,O,27
:,:,O,27
/,SYM,O,27
/,SYM,O,27
cchdfc.in,ADD,O,27
/,SYM,O,27
tD9Fq-bq13b,NNP,O,27
"""",'',O,27
"""",'',O,28
"""",``,O,28
"""",``,O,28
E-Statement,NNP,O,28
Generated,NNP,O,28
!,.,O,28
For,IN,O,28
HDFC,NNP,CBNK,28
Bank,NNP,CBNK,28
Credit,NNP,O,28
Card,NNP,O,28
4117,CD,CNUM,28
.,.,O,28
Due,IN,O,28
date,NN,O,28
:,:,O,28
08,CD,BDD,28
/,SYM,BDD,28
FEB,NNP,BDD,28
/,SYM,BDD,28
2024,CD,BDD,28
.,.,O,28
Total,JJ,O,28
Due,NN,O,28
:,:,O,28
Rs,NNS,CDUE,28
.,.,CDUE,28
-,:,CDUE,28
6869.35,CD,CDUE,28
.,.,O,28
Min,NNP,O,28
Due,NN,O,28
:,:,O,28
Rs,NNS,MDUE,28
.0,CD,MDUE,28
.,.,O,28
For,IN,O,28
Statement,NNP,O,28
:,:,O,28
hdfcbk.io,NNP,O,28
/,SYM,O,28
k,NNP,O,28
/,SYM,O,28
DUvfZQfSl9P,NNP,O,28
"""",'',O,28
"""",``,O,28
"""",``,O,28
Despatched,NNP,O,29
!,.,O,29
Statement,NNP,O,29
for,IN,O,29
HDFC,NNP,CBNK,29
Bank,NNP,CBNK,29
Credit,NNP,O,29
Card,NNP,O,29
5597,CD,CNUM,29
.,.,O,29
Due,IN,O,29
date,NN,O,29
25,CD,BDD,29
/,SYM,BDD,29
APR,NNP,BDD,29
/,SYM,BDD,29
2024,CD,BDD,29
.,.,O,29
Total,JJ,O,29
Due,NNP,O,29
Rs,NNPS,CDUE,29
.8707,NN,CDUE,29
.,.,O,29
Min,NNP,O,29
Due,NNP,O,29
Rs,NNPS,MDUE,29
.,.,MDUE,29
8707,CD,MDUE,29
.,.,O,29
Statement,NNP,O,29
Copy,NNP,O,29
:,:,O,29
hdfcbk.io,NNP,O,29
/,SYM,O,29
k,NNP,O,29
/,SYM,O,29
DUvfZQfSl9P,NNP,O,29
"""",'',O,30
"""",``,O,30
"""",``,O,30
HDFC,NNP,CBNK,30
Bank,NNP,CBNK,30
Credit,NNP,O,30
Card,NNP,O,30
XX9691,NNP,CNUM,30
Statement,NNP,O,30
:,:,O,30
Total,NNP,O,30
due,JJ,O,30
amt,XX,O,30
:,:,O,30
Rs,NNS,CDUE,30
".4,401.00",NNP,CDUE,30
Min,NNP,O,30
due,JJ,O,30
amt,XX,O,30
:,:,O,30
Rs,NNS,MDUE,30
.230.00,.,MDUE,30
Due,JJ,O,30
by,IN,O,30
:,:,O,30
12,CD,BDD,30
-,HYPH,BDD,30
04,CD,BDD,30
-,SYM,BDD,30
2024,CD,BDD,30
.,.,O,30
View,NN,O,30
statement,NN,O,30
here,RB,O,30
:,:,O,30
https,NN,O,30
:,:,O,30
/,SYM,O,30
/,SYM,O,30
cchdfc.in,ADD,O,30
/,SYM,O,30
yCDxY-c1LWO,NN,O,30
"""",``,O,30
"""",``,O,30
"""",``,O,30
"""",``,O,31
Dear,NNP,O,31
Customer,NNP,O,31
",",",",O,31
statement,NN,O,31
for,IN,O,31
your,PRP$,O,31
BoB,NNP,CBNK,31
Credit,NNP,O,31
Card,NNP,O,31
x5031,NNP,CNUM,31
for,IN,O,31
Rs,NNS,CDUE,31
42.09,CD,CDUE,31
is,VBZ,O,31
generated,VBN,O,31
.,.,O,31
Pay,VB,O,31
total,NN,O,31
or,CC,O,31
min,NN,O,31
due,JJ,O,31
of,IN,O,31
Rs,NNS,O,31
42,CD,O,31
by,IN,O,31
05,CD,BDD,31
-,HYPH,BDD,31
07,CD,BDD,31
-,SYM,BDD,31
23,CD,BDD,31
.,.,O,31
Pay,VB,O,31
now,RB,O,31
at,IN,O,31
bobfin.in,ADD,O,31
/,SYM,O,31
BILLPAY,NNP,O,31
"""",'',O,31
"""",``,O,31
"""",``,O,31
"""",``,O,32
Dear,NNP,O,32
Customer,NNP,O,32
",",",",O,32
statement,NN,O,32
for,IN,O,32
your,PRP$,O,32
BoB,NNP,CBNK,32
Credit,NNP,O,32
Card,NNP,O,32
3808,CD,CNUM,32
for,IN,O,32
Rs,NNS,CDUE,32
5972.27,CD,CDUE,32
has,VBZ,O,32
been,VBN,O,32
generated,VBN,O,32
.,.,O,32
Pay,VB,O,32
Total,NNP,O,32
or,CC,O,32
Min,NNP,O,32
Due,NNP,O,32
of,IN,O,32
Rs,NNS,CDUE,32
298.61,CD,CDUE,32
by,IN,O,32
20,CD,BDD,32
-,HYPH,BDD,32
02,CD,BDD,32
-,SYM,BDD,32
24,CD,BDD,32
.,.,O,32
Pay,VB,O,32
now,RB,O,32
at,IN,O,32
bobfin.in,ADD,O,32
/,SYM,O,32
BILLPAY,NNS,O,32
.,.,O,32
View,NNP,O,32
/,SYM,O,32
Download,NNP,O,32
statement,NN,O,32
here,RB,O,32
:,:,O,32
https,NN,O,32
/,SYM,O,32
/,SYM,O,32
bobfin.in,NNP,O,32
/,SYM,O,32
MobileApp,NNP,O,32
"""",'',O,32
"""",``,O,33
05,CD,O,33
/,SYM,O,33
01,CD,O,33
/,SYM,O,33
23,CD,O,33
Stmt,NNP,O,33
Alert,NNP,O,33
:,:,O,33
Total,NNP,O,33
Amount,NNP,O,33
Due,IN,O,33
on,IN,O,33
your,PRP$,O,33
IndusInd,NNP,CBNK,33
Bank,NNP,CBNK,33
Credit,NNP,O,33
Card,NNP,O,33
XXXX9190,NNP,CNUM,33
is,VBZ,O,33
INR,NNP,CDUE,33
2090.98,CD,CDUE,33
and,CC,O,33
Minimum,NNP,O,33
Amount,NNP,O,33
Due,NNP,O,33
is,VBZ,O,33
INR,NNP,MDUE,33
2090.98,CD,MDUE,33
",",",",O,33
payable,JJ,O,33
by,IN,O,33
25,CD,BDD,33
/,SYM,BDD,33
01,CD,BDD,33
/,SYM,BDD,33
23,CD,BDD,33
.,.,O,33
Payment,NN,O,33
to,TO,O,33
be,VB,O,33
made,VBN,O,33
immediately,RB,O,33
if,IN,O,33
previous,JJ,O,33
statement,NN,O,33
dues,NNS,O,33
are,VBP,O,33
unpaid,JJ,O,33
or,CC,O,33
Card,NNP,O,33
account,NN,O,33
is,VBZ,O,33
overlimit,JJ,O,33
.,.,O,33
Click,VB,O,33
https,NN,O,33
:,:,O,33
/,SYM,O,33
/,SYM,O,33
bit.ly,NNP,O,33
/,SYM,O,33
3exupmF,NNS,O,33
to,TO,O,33
pay,VB,O,33
now,RB,O,33
-,:,O,33
IndusInd,NNP,O,33
Bank,NNP,O,33
"""",'',O,33
"""",``,O,34
Payment,NNP,O,34
for,IN,O,34
IndusInd,NNP,CBNK,34
Credit,NNP,O,34
Card,NNP,O,34
7388,CD,CNUM,34
is,VBZ,O,34
due,JJ,O,34
on,IN,O,34
04,CD,BDD,34
-,HYPH,BDD,34
Apr,NNP,BDD,34
-,HYPH,BDD,34
24,CD,BDD,34
.,.,O,34
Total,JJ,O,34
Due,NNP,O,34
-,HYPH,O,34
Rs,NNS,CDUE,34
.,.,CDUE,34
12170.04,CD,CDUE,34
&,CC,O,34
Min,NNP,O,34
Due,NNP,O,34
-,HYPH,O,34
Rs,NNS,MDUE,34
.,.,MDUE,34
608.50,CD,MDUE,34
.,.,O,34
Click,VB,O,34
bit.ly,ADD,O,34
/,SYM,O,34
3exupmF,NNS,O,34
to,TO,O,34
pay,VB,O,34
",",",",O,34
ignore,VB,O,34
if,IN,O,34
paid,VBN,O,34
.,.,O,34
Bank,NNP,O,34
will,MD,O,34
report,VB,O,34
your,PRP$,O,34
Credit,NNP,O,34
Card,NNP,O,34
account,NN,O,34
as,IN,O,34
',``,O,34
Past,JJ,O,34
Due,NNP,O,34
','',O,34
to,IN,O,34
Credit,NNP,O,34
Information,NNP,O,34
Agencies,NNPS,O,34
if,IN,O,34
the,DT,O,34
Minimum,NNP,O,34
Amount,NNP,O,34
Due,NNP,O,34
remains,VBZ,O,34
unpaid,JJ,O,34
for,IN,O,34
more,JJR,O,34
than,IN,O,34
3,CD,O,34
days,NNS,O,34
fromthe,NN,O,34
payment,NN,O,34
due,JJ,O,34
date,NN,O,34
-,:,O,34
IndusInd,NNP,CBNK,34
Bank,NNP,CBNK,34
"""",``,O,34
Mini,NNP,O,35
Statement,NNP,O,35
for,IN,O,35
Card,NNP,O,35
*,NFP,CNUM,35
*,NFP,CNUM,35
*,NFP,CNUM,35
*,NFP,CNUM,35
*,NFP,CNUM,35
*,NFP,CNUM,35
*,NFP,CNUM,35
*,NFP,CNUM,35
*,NFP,CNUM,35
*,NFP,CNUM,35
*,NFP,CNUM,35
*,NFP,CNUM,35
7865,CD,CNUM,35
.,.,O,35
Total,JJ,O,35
due,JJ,O,35
Rs,NNS,CDUE,35
.30820.54,CD,CDUE,35
.,.,O,35
Minimum,JJ,O,35
due,JJ,O,35
Rs,NNS,MDUE,35
.5976.85,CD,MDUE,35
.,.,O,35
Payment,NN,O,35
due,IN,O,35
on,IN,O,35
08,CD,BDD,35
-,HYPH,BDD,35
DEC,NNP,BDD,35
-,HYPH,BDD,35
23,CD,BDD,35
.,.,O,35
For,IN,O,35
more,JJR,O,35
details,NNS,O,35
:,:,O,35
https,NN,O,35
:,:,O,35
/,SYM,O,35
/,SYM,O,35
citi.asia,NNP,O,35
/,SYM,O,35
INCM,NNP,O,35
"""",'',O,36
Your,PRP$,O,36
AU,NNP,CBNK,36
Altura,NNP,O,36
Credit,NNP,O,36
Card,NNP,O,36
XXxxxx,NNP,O,36
Statement,NNP,O,36
is,VBZ,O,36
here,RB,O,36
!,.,O,36
December,NNP,O,36
xxxx,NN,O,36
Min,NNP,O,37
amt,VBD,O,37
due,JJ,O,37
:,:,O,37
Rs.xxx.xx,NN,O,37
Total,JJ,O,38
amt,NN,O,38
due,JJ,O,38
:,:,O,38
Rs.xx,UH,O,38
",",",",O,38
xxx.xx,``,O,38
Payment,NN,O,39
due,JJ,O,39
date,NN,O,39
:,:,O,39
xx-Jan-xxxx,NNP,O,39
Download,NNP,O,40
here,RB,O,40
https,NN,O,40
:,:,O,40
/,SYM,O,40
/,SYM,O,40
acl.cc,NNP,O,40
/,NFP,O,40
GnkxxleY,JJR,O,40
To,TO,O,40
open,VB,O,40
",",",",O,40
input,NN,O,40
x-character,NNP,O,40
password,NNP,O,40
using,VBG,O,40
first,JJ,O,40
x,NNP,O,40
letters,NNS,O,40
of,IN,O,40
your,PRP$,O,40
name,NN,O,40
in,IN,O,40
UPPERCASE,NNP,O,40
followed,VBN,O,41
by,IN,O,41
first,JJ,O,41
x,SYM,O,41
digit,NN,O,41
of,IN,O,41
your,PRP$,O,41
DOB,NNP,O,41
.,.,O,41
For,IN,O,41
queries,NNS,O,41
",",",",O,41
call,VB,O,42
xxxxxxxxxxxx,NNP,O,42
-,HYPH,O,43
AU,NNP,CBNK,43
Bank,NNP,CBNK,43
"""",'',O,43
"""",``,O,44
Your,PRP$,O,44
AU,NNP,CBNK,44
Business,NNP,O,44
Cashback,NNP,O,44
Credit,NNP,O,44
Card,NNP,O,44
XXxxxx,NNP,O,44
Statement,NNP,O,44
is,VBZ,O,44
here,RB,O,44
!,.,O,44
March,NNP,O,44
xxxx,NN,O,44
Min,NNP,O,44
amt,VBD,O,44
due,JJ,O,44
:,:,O,44
Rs.x,``,O,44
",",",",O,44
xxx.xx,NFP,O,44
Total,JJ,O,44
amt,UH,O,44
due,JJ,O,44
:,:,O,44
Rs.xx,UH,O,44
",",",",O,44
xxx.xx,``,O,44
Payment,NN,O,44
due,JJ,O,44
date,NN,O,44
:,:,O,44
xx-Apr-xxxx,NNP,O,44
Download,NNP,O,44
here,RB,O,44
https,NN,O,44
:,:,O,44
/,SYM,O,44
/,SYM,O,44
acl.cc,NNP,O,44
/,SYM,O,44
xnmMeWML,NNP,O,44
To,TO,O,44
open,VB,O,44
",",",",O,44
input,NN,O,44
x-character,NNP,O,44
password,NNP,O,44
using,VBG,O,44
first,JJ,O,44
x,NNP,O,44
letters,NNS,O,44
of,IN,O,44
your,PRP$,O,44
name,NN,O,44
in,IN,O,44
UPPERCASE,NNP,O,44
followed,VBN,O,44
by,IN,O,44
first,JJ,O,44
x,SYM,O,44
digit,NN,O,44
of,IN,O,44
your,PRP$,O,44
DOB,NNP,O,44
.,.,O,44
For,IN,O,44
queries,NNS,O,44
",",",",O,44
call,VB,O,44
xxxxxxxxxxxx,NNP,O,44
-,HYPH,O,44
AU,NNP,CBNK,44
Bank,NNP,CBNK,44
"""",'',O,44
"""",``,O,45
Your,PRP$,O,45
AU,NNP,CBNK,45
Business,NNP,O,45
Cashback,NNP,O,45
Credit,NNP,O,45
Card,NNP,O,45
XX1234,NNP,CNUM,45
Statement,NNP,O,45
is,VBZ,O,45
here,RB,O,45
!,.,O,45
March,NNP,O,45
2024,CD,O,45
Min,NNP,O,45
amt,VBD,O,45
due,JJ,O,45
:,:,O,45
Rs,NNS,MDUE,45
".1,234.56",LS,MDUE,45
Total,JJ,O,45
amt,UH,O,45
due,JJ,O,45
:,:,O,45
Rs,NNS,CDUE,45
".12,345.67",JJ,CDUE,45
Payment,NN,O,45
due,JJ,O,45
date,NN,O,45
:,:,O,45
15,CD,BDD,45
-,:,BDD,45
Apr,NNP,BDD,45
-,HYPH,BDD,45
2024,CD,BDD,45
Download,NNP,O,45
here,RB,O,45
https,NN,O,45
:,:,O,45
/,SYM,O,45
/,SYM,O,45
acl.cc,NNP,O,45
/,SYM,O,45
xnmMeWML,NNP,O,45
To,TO,O,45
open,VB,O,45
",",",",O,45
input,NN,O,45
ABCD,NNP,O,45
using,VBG,O,45
first,JJ,O,45
4,CD,O,45
letters,NNS,O,45
of,IN,O,45
your,PRP$,O,45
name,NN,O,45
in,IN,O,45
UPPERCASE,NNP,O,45
followed,VBN,O,45
by,IN,O,45
first,JJ,O,45
4,CD,O,45
digit,NN,O,45
of,IN,O,45
your,PRP$,O,45
DOB,NNP,O,45
.,.,O,45
For,IN,O,45
queries,NNS,O,45
",",",",O,45
call,VB,O,45
1234567890,CD,O,45
-,HYPH,O,45
AU,NNP,CBNK,45
Bank,NNP,CBNK,45
"""",'',O,45
"""",``,O,46
Dear,NNP,O,46
Customer,NNP,O,46
",",",",O,46
statement,NN,O,46
of,IN,O,46
credit,NN,O,46
card,NN,O,46
number,NN,O,46
ending,VBG,O,46
with,IN,O,46
8577,CD,CNUM,46
for,IN,O,46
month,NN,O,46
of,IN,O,46
November,NNP,O,46
is,VBZ,O,46
available,JJ,O,46
at,IN,O,46
https,NN,O,46
:,:,O,46
/,SYM,O,46
/,SYM,O,46
fedmobile.federalbank.co.in,NN,O,46
/,SYM,O,46
download-fedmobile,JJ,O,46
/,.,O,46
.,.,O,46
Total,JJ,O,46
due,JJ,O,46
is,VBZ,O,46
Rs,NNS,CDUE,46
.6216.24,CD,CDUE,46
",",",",O,46
min,NN,O,46
due,JJ,O,46
is,VBZ,O,46
Rs,NNS,MDUE,46
.4610,NN,MDUE,46
and,CC,O,46
due,JJ,O,46
on,IN,O,46
09,CD,BDD,46
/,SYM,BDD,46
12,CD,BDD,46
/,SYM,BDD,46
23,CD,BDD,46
-,HYPH,O,46
Federal,NNP,CBNK,46
Bank,NNP,CBNK,46
"""",``,O,46
Mini,JJ,O,47
statement,NN,O,47
for,IN,O,47
credit,NN,O,47
card,NN,O,47
number,NN,O,47
ending,VBG,O,47
with,IN,O,47
0251,CD,CNUM,47
.,.,O,47
Total,JJ,O,47
due,JJ,O,47
Rs,NNS,CDUE,47
.45562.78,CD,CDUE,47
.,.,O,47
Minimum,JJ,O,47
due,JJ,O,47
Rs,NNS,MDUE,47
.8167.06,CD,MDUE,47
.,.,O,47
Payment,NN,O,47
due,IN,O,47
on,IN,O,47
08,CD,BDD,47
/,SYM,BDD,47
11,CD,BDD,47
/,SYM,BDD,47
23,CD,BDD,47
.,.,O,47
For,IN,O,47
more,JJR,O,47
details,NNS,O,47
visit,VB,O,47
https,NN,O,47
:,:,O,47
/,SYM,O,47
/,SYM,O,47
fedmobile.federalbank.co.in,NN,O,47
/,SYM,O,47
download-fedmobile,JJ,O,47
/,SYM,O,47
-,HYPH,O,47
Federal,NNP,CBNK,47
Bank,NNP,CBNK,47
"""",'',O,48
Your,PRP$,O,48
Bajaj,NNP,O,48
Finserv,NNP,O,48
DBS,NNP,CBNK,48
Bank,NNP,CBNK,48
SuperCard,NNP,O,48
*,NNP,O,48
*,NFP,O,48
9004,CD,CNUM,48
statement,NN,O,48
is,VBZ,O,48
sent,VBN,O,48
on,IN,O,48
email,NN,O,48
registered,VBN,O,48
with,IN,O,48
the,DT,O,48
bank,NN,O,48
Total,NNP,O,48
Due,NNP,O,48
"INR65,829.90",NNP,CDUE,48
Min,NNP,O,48
Due,NNP,O,48
"INR3,750.44",NN,MDUE,48
Pay,NN,O,48
by,IN,O,48
05,CD,BDD,48
-,HYPH,BDD,48
09,CD,BDD,48
-,HYPH,BDD,48
23,CD,BDD,48
.,.,O,48
"""",'',O,48
"""",``,O,49
Bajaj,NNP,O,49
Finserv,NNP,O,49
DBS,NNP,CBNK,49
Bank,NNP,CBNK,49
Super,NNP,O,49
Card,NNP,O,49
*,NFP,O,49
*,NFP,O,49
9004,CD,CNUM,49
statement,NN,O,49
is,VBZ,O,49
emailed,VBN,O,49
to,IN,O,49
you,PRP,O,49
.,.,O,49
Due,IN,O,49
Date,NNP,O,49
:,:,O,49
05,CD,BDD,49
-,HYPH,BDD,49
02,CD,BDD,49
-,SYM,BDD,49
24,CD,BDD,49
.,.,O,49
Total,JJ,O,49
Due,NNP,O,49
:,:,O,49
INR,NNP,CDUE,49
"66,922.05",NN,CDUE,49
Min,NNP,O,49
Due,NN,O,49
:,:,O,49
INR,NNP,MDUE,49
"7,814.10",CD,MDUE,49
.,.,O,49
To,TO,O,49
view,VB,O,49
statement,NN,O,49
",",",",O,49
visit,VB,O,49
DBS,NNP,O,49
Card,NNP,O,49
+,NNP,O,49
App,NNP,O,49
>,XX,O,49
Cards,NNP,O,49
Menu,NNP,O,49
>,XX,O,49
Transactions,NNPS,O,49
Statements,NNS,O,49
.,.,O,49
"""",'',O,49
"""",``,O,50
Dear,JJ,O,50
card,NN,O,50
holder,NN,O,50
",",",",O,50
Your,PRP$,O,50
Statement,NNP,O,50
/,SYM,O,50
Ebill,NNP,O,50
for,IN,O,50
Credit,NNP,O,50
Card,NNP,O,50
ending,VBG,O,50
3349,CD,CNUM,50
is,VBZ,O,50
sent,VBN,O,50
to,IN,O,50
your,PRP$,O,50
email,NN,O,50
.,.,O,50
Total,JJ,O,50
Amt,NNP,O,50
due,JJ,O,50
is,VBZ,O,50
Rs,NNS,CDUE,50
.,.,CDUE,50
"11,248.00",CD,CDUE,50
and,CC,O,50
Min,NNP,O,50
Amt,NNP,O,50
Due,NNP,O,50
is,VBZ,O,50
Rs,NNS,MDUE,50
.,.,MDUE,50
570.00,CD,MDUE,50
.,.,O,50
Pay,VBN,O,50
by,IN,O,50
Date,NNP,O,50
16,CD,O,50
-,HYPH,O,50
MAR,NNP,O,50
-,HYPH,O,50
24,CD,O,50
.,.,O,50
Non-Payment,NN,O,50
of,IN,O,50
credit,NN,O,50
card,NN,O,50
dues,NNS,O,50
by,IN,O,50
due,JJ,O,50
date,NN,O,50
attracts,VBZ,O,50
Rollover,NNP,O,50
Interest,NNP,O,50
/,SYM,O,50
Charges,NNS,O,50
applicable,JJ,O,50
as,IN,O,50
per,IN,O,50
T,NNP,O,50
&,CC,O,50
C,NNP,O,50
of,IN,O,50
the,DT,O,50
card,NN,O,50
variant,NN,O,50
.,.,O,50
To,TO,O,50
download,VB,O,50
statement,NN,O,50
",",",",O,50
click,VB,O,50
https,NN,O,50
:,:,O,50
/,SYM,O,50
/,SYM,O,50
unioncards.unionbankofindia.co.in,NNP,O,50
/,SYM,O,50
portal,JJ,O,50
/,SYM,O,50
stmtDownload,NN,O,50
-,:,O,50
Union,NNP,CBNK,50
Bank,NNP,CBNK,50
of,IN,CBNK,50
India,NNP,CBNK,50
"""",'',O,50
"""",``,O,51
Dear,NNP,O,51
Customer,NNP,O,51
",",",",O,51
e-statement,NN,O,51
of,IN,O,51
Credit,NNP,O,51
Card,NNP,O,51
ending,VBG,O,51
2006,CD,CNUM,51
is,VBZ,O,51
sent,VBN,O,51
to,IN,O,51
your,PRP$,O,51
email,NN,O,51
.,.,O,51
Total,JJ,O,51
Amt,NNP,O,51
due,JJ,O,51
Rs,NN,CDUE,51
".98,245.17",NN,CDUE,51
",",",",O,51
Min,NNP,O,51
Amt,NNP,O,51
Due,NNP,O,51
Rs,NNPS,MDUE,51
".51,363.25",NN,MDUE,51
",",",",O,51
payable,JJ,O,51
by,IN,O,51
15,CD,BDD,51
-,HYPH,BDD,51
MAY,NNP,BDD,51
-,HYPH,BDD,51
24,CD,BDD,51
.,.,O,51
Non-Payment,NN,O,51
of,IN,O,51
dues,NNS,O,51
will,MD,O,51
attract,VB,O,51
Interest,NNP,O,51
/,SYM,O,51
Charges,NNPS,O,51
as,IN,O,51
per,IN,O,51
TC,NNP,O,51
of,IN,O,51
the,DT,O,51
card,NN,O,51
variant,NN,O,51
.,.,O,51
To,TO,O,51
download,VB,O,51
statement,NN,O,51
",",",",O,51
click,VB,O,51
https,NN,O,51
:,:,O,51
/,SYM,O,51
/,SYM,O,51
unioncards.unionbankofindia.co.in,NNP,O,51
/,SYM,O,51
portal,JJ,O,51
/,SYM,O,51
stmtDownload,NN,O,51
-,:,O,51
Union,NNP,CBNK,51
Bank,NNP,CBNK,51
of,IN,CBNK,51
India,NNP,CBNK,51
"""",'',O,51
"""",``,O,52
Spent,NNP,O,52
Card,NNP,O,52
no,UH,O,52
.,.,O,52
XX3946,NNP,CNUM,52
INR,NNP,DAMT,52
1,CD,DAMT,52
23,CD,O,52
-,HYPH,O,52
11,CD,O,52
-,SYM,O,52
23,CD,O,52
12,CD,O,52
:,SYM,O,52
12,CD,O,52
:,SYM,O,52
59,CD,O,52
BharatNXT,NNP,O,52
Avl,NNP,O,52
Lmt,NNP,O,52
INR,NNP,ALIM,52
76999,CD,ALIM,52
SMS,NNP,O,53
BLOCK,NNP,O,53
3946,CD,O,53
to,IN,O,53
919951860002,CD,O,53
",",",",O,53
if,IN,O,53
not,RB,O,53
you,PRP,O,53
-,HYPH,O,53
Axis,NNP,CBNK,53
Bank,NNP,CBNK,53
"""",'',O,53
"""",``,O,54
We,PRP,O,54
have,VBP,O,54
received,VBN,O,54
payment,NN,O,54
of,IN,O,54
Rs,NNS,CAMT,54
".15,000.00",NNP,CAMT,54
via,IN,O,54
Electronic,NNP,O,54
Bill,NNP,O,54
Pay,NNP,O,54
&,CC,O,54
the,DT,O,54
same,JJ,O,54
has,VBZ,O,54
been,VBN,O,54
credited,VBN,O,54
to,IN,O,54
your,PRP$,O,54
SBI,NNP,CBNK,54
Credit,NNP,O,54
Card,NNP,O,54
.,.,O,54
Your,PRP$,O,54
available,JJ,O,54
limit,NN,O,54
is,VBZ,O,54
Rs,NNS,ALIM,54
".49,807.63",NN,ALIM,54
.,.,O,54
"""",'',O,54
"""",``,O,55
INR,NNP,DAMT,55
100,CD,DAMT,55
spent,VBN,O,55
on,IN,O,55
Kotak,NNP,O,55
Bank,NNP,O,55
Card,NNP,O,55
x2999,NNP,CNUM,55
on,IN,O,55
03,CD,O,55
-,HYPH,O,55
FEB,NNP,O,55
-,HYPH,O,55
2024,CD,O,55
at,IN,O,55
UPI,NNP,DTO,55
-,HYPH,DTO,55
403465493319,NNP,DTO,55
-,HYPH,DTO,55
RAJEN,NNP,DTO,55
.,.,O,55
Avl,VB,O,55
limit,NN,O,55
INR,NNP,ALIM,55
217332.2,CD,ALIM,55
.,.,O,55
For,IN,O,55
dispute,NN,O,55
",",",",O,55
https,NN,O,55
:,:,O,55
/,SYM,O,55
/,SYM,O,55
www.kotak.com,NNP,O,55
/,SYM,O,55
rd,NN,O,55
/,SYM,O,55
dispute,NN,O,55
"""",'',O,55
"""",``,O,56
Transaction,NNP,O,56
Alert,NNP,O,56
:,:,O,56
INR,NNP,DAMT,56
804.00,CD,DAMT,56
has,VBZ,O,56
been,VBN,O,56
spent,VBN,O,56
on,IN,O,56
your,PRP$,O,56
YES,NNP,CBNK,56
BANK,NNP,CBNK,56
Credit,NNP,O,56
Card,NNP,O,56
ending,VBG,O,56
with,IN,O,56
1590,CD,CNUM,56
at,IN,O,56
UPI_FLIPKART,NN,DTO,56
PAYMENTS,NNS,DTO,56
on,IN,O,56
12,CD,BDD,56
-,SYM,BDD,56
10,CD,BDD,56
-,SYM,BDD,56
2023,CD,BDD,56
at,IN,O,56
10,CD,O,56
:,SYM,O,56
09,CD,O,56
:,SYM,O,56
53,CD,O,56
pm,NN,O,56
.,.,O,56
Avl,NNP,O,56
Bal,NNP,O,56
INR,NNP,ALIM,56
"76,195.33",NNP,ALIM,56
.,.,O,56
In,IN,O,56
case,NN,O,56
of,IN,O,56
suspicious,JJ,O,56
transaction,NN,O,56
",",",",O,56
to,TO,O,56
block,VB,O,56
your,PRP$,O,56
card,NN,O,56
",",",",O,56
SMS,NNP,O,56
BLKCC,NNP,O,56
{,-LRB-,O,56
Space,NNP,O,56
},-RRB-,O,56
{,-LRB-,O,56
Last,JJ,O,56
4,CD,O,56
digits,NNS,O,56
of,IN,O,56
card,NN,O,56
number,NN,O,56
},-RRB-,O,56
to,IN,O,56
9840909000,CD,O,56
from,IN,O,56
your,PRP$,O,56
registered,VBN,O,56
mobile,NN,O,56
number,NN,O,56
.,.,O,56
"""",'',O,56
"""",``,O,57
INR,NNP,DAMT,57
"1,000.00",NNP,DAMT,57
spent,VBD,O,57
on,IN,O,57
ICICI,NNP,CBNK,57
Bank,NNP,CBNK,57
Card,NNP,O,57
XX1002,NNP,CNUM,57
on,IN,O,57
22,CD,O,57
-,HYPH,O,57
May,NNP,O,57
-,HYPH,O,57
22,CD,O,57
at,IN,O,57
AMAZON,NNP,DTO,57
.,.,O,57
Avl,NNP,O,57
Lmt,NNP,O,57
:,:,O,57
INR,NNP,O,57
"1,14,468.67",CD,O,57
.,.,O,57
To,TO,O,57
dispute,VB,O,57
",",",",O,57
call,VB,O,57
18002662,CD,O,57
/,SYM,O,57
SMS,NNP,O,57
BLOCK,NNP,O,57
1002,CD,O,57
to,IN,O,57
9215676766,CD,O,57
"""",'',O,57
"""",``,O,58
Hope,VBP,O,58
you,PRP,O,58
had,VBD,O,58
a,DT,O,58
great,JJ,O,58
meal,NN,O,58
!,.,O,58
INR,NNP,DAMT,58
104.00,CD,DAMT,58
spent,VBN,O,58
on,IN,O,58
your,PRP$,O,58
IDFC,NN,CBNK,58
FIRST,NNP,CBNK,58
Bank,NNP,CBNK,58
Credit,NNP,O,58
Card,NNP,O,58
ending,VBG,O,58
XX7349,NNP,CNUM,58
at,IN,O,58
TACO,NN,DTO,58
BELL,NNP,DTO,58
on,IN,O,58
11,CD,O,58
-,HYPH,O,58
NOV,NNP,O,58
-,HYPH,O,58
2023,CD,O,58
at,IN,O,58
03,CD,O,58
:,SYM,O,58
55,CD,O,58
PM,NN,O,58
.,.,O,58
Avbl,NNP,O,58
limit,NN,O,58
:,:,O,58
Rs,NNS,ALIM,58
.22811.00,NFP,ALIM,58
.,.,O,58
If,IN,O,58
not,RB,O,58
done,VBN,O,58
by,IN,O,58
you,PRP,O,58
",",",",O,58
call,VB,O,58
180010888,CD,O,58
for,IN,O,58
dispute,NN,O,58
or,CC,O,58
to,TO,O,58
block,VB,O,58
your,PRP$,O,58
card,NN,O,58
SMS,NN,O,58
CCBLOCK,NNP,O,58
7349,CD,O,58
to,IN,O,58
5676732,CD,O,58
"""",'',O,58
Transaction,NNP,O,59
Successful,NNP,O,59
!,.,O,59
INR,NNP,DAMT,59
321.48,CD,DAMT,59
spent,VBN,O,59
on,IN,O,59
your,PRP$,O,59
IDFC,NN,CBNK,59
FIRST,NNP,CBNK,59
Bank,NNP,CBNK,59
Credit,NNP,O,59
Card,NNP,O,59
XX0752,NNP,CNUM,59
at,IN,O,59
One97,NNP,DTO,59
Communications,NNPS,DTO,59
Ltd,NNP,O,59
on,IN,O,59
08,CD,O,59
-,HYPH,O,59
JUN,NNP,O,59
-,HYPH,O,59
2024,CD,O,59
Available,JJ,O,59
limit,NN,O,59
:,:,O,59
INR,NNP,ALIM,59
96678.52,CD,ALIM,59
Activate,NNP,O,59
UPI,NNP,O,59
:,:,O,59
https,NN,O,59
:,:,O,59
/,SYM,O,59
/,SYM,O,59
idfcfr.in,ADD,O,59
/,SYM,O,59
vbMFV1,NN,O,59
Not,RB,O,59
You,PRP,O,59
?,.,O,59
To,TO,O,59
block,VB,O,59
card,NN,O,59
SMS,NN,O,59
CCBLOCK,NNP,O,59
0752,CD,O,59
to,IN,O,59
5676732,CD,O,59
or,CC,O,59
call,VB,O,59
180010888,CD,O,59
"""",'',O,60
You've,NNP,O,60
spent,VBD,O,60
INR,NNP,DAMT,60
"21,370.34",NNP,DAMT,60
at,IN,O,60
CAS,NNP,DTO,60
*,NFP,DTO,60
FCAP,NNS,DTO,60
TECHNOLOGIES,NNP,DTO,60
on,IN,O,60
RBL,NNP,CBNK,60
Bank,NNP,CBNK,60
Credit,NNP,O,60
Card,NNP,O,60
(,-LRB-,O,60
8741,CD,CNUM,60
),-RRB-,O,60
on,IN,O,60
15,CD,O,60
-,SYM,O,60
01,CD,O,60
-,SYM,O,60
2024,CD,O,60
.,.,O,60
Avl,NNP,O,60
"limit-INR2,760.84",NNP,ALIM,60
.,.,O,60
Not,RB,O,60
You,PRP,O,60
?,.,O,60
https,NN,O,60
:,:,O,60
/,SYM,O,60
/,SYM,O,60
onelink.to,CD,O,60
/,SYM,O,60
389ejv,CD,O,60
"""",'',O,60
"""",``,O,61
Payment,NN,O,61
of,IN,O,61
Rs,NNS,_,61
.1800.00,CD,_,61
received,VBN,O,61
on,IN,O,61
RBL,NNP,CBNK,61
Bank,NNP,CBNK,61
Credit,NNP,O,61
Card,NNP,O,61
XX41,NNP,O,61
on,IN,O,61
01,CD,O,61
-,HYPH,O,61
02,CD,O,61
-,HYPH,O,61
2024,CD,O,61
",",",",O,61
subject,JJ,O,61
to,IN,O,61
realisation,NN,O,61
.,.,O,61
Avl,NNP,O,61
Limit,NNP,O,61
Rs,NNPS,O,61
.2526.62,CD,O,61
.,.,O,61
View,NN,O,61
on,IN,O,61
MyCard,NNP,O,61
app,NN,O,61
-,:,O,61
onelink.to,CD,O,61
/,SYM,O,61
389ejv,CD,O,61
"""",'',O,61
"""",``,O,62
Dear,NNP,O,62
Cardmember,NNP,O,62
",",",",O,62
payment,NN,O,62
of,IN,O,62
Rs,NNS,CAMT,62
.3476.65,CD,CAMT,62
has,VBZ,O,62
been,VBN,O,62
received,VBN,O,62
towards,IN,O,62
your,PRP$,O,62
RBL,NNP,CBNK,62
Bank,NNP,CBNK,62
Credit,NNP,O,62
Card,NNP,O,62
ending,VBG,O,62
with,IN,O,62
69,CD,CNUM,62
on,IN,O,62
06,CD,O,62
-,HYPH,O,62
09,CD,O,62
-,HYPH,O,62
2023,CD,O,62
through,IN,O,62
UPI,NNP,O,62
.,.,O,62
Your,PRP$,O,62
available,JJ,O,62
Credit,NN,O,62
limit,NN,O,62
now,RB,O,62
is,VBZ,O,62
Rs,NNS,ALIM,62
.,.,ALIM,62
23148.35,CD,ALIM,62
.,.,O,62
Manage,VB,O,62
your,PRP$,O,62
Card,NN,O,62
using,VBG,O,62
RBL,NNP,O,62
MyCard,NNP,O,62
Mobile,NNP,O,62
app,NN,O,62
.,.,O,62
Download,NN,O,62
on,IN,O,62
https,NN,O,62
:,:,O,62
/,SYM,O,62
/,SYM,O,62
onelink.to,CD,O,62
/,SYM,O,62
389ejv,CD,O,62
"""",``,O,62
You've,NNP,O,63
spent,VBD,O,63
Rs,NNS,DAMT,63
.1,NN,DAMT,63
On,IN,O,63
HDFC,NNP,CBNK,63
Bank,NNP,CBNK,63
CREDIT,NNP,O,63
Card,NNP,O,63
xx1019,NNP,CNUM,63
At,IN,O,63
BharatNXT,NNP,DTO,63
GUR,NNP,DTO,63
On,IN,O,63
2023,CD,O,63
-,SYM,O,63
11,CD,O,63
-,SYM,O,63
08,CD,O,63
:,SYM,O,63
13,CD,O,63
:,SYM,O,63
02,CD,O,63
:,SYM,O,63
23,CD,O,63
Avl,NNP,O,63
bal,JJ,O,63
:,:,O,63
Rs,NNS,ALIM,63
.621277.9,.,ALIM,63
Curr,NNP,O,63
O,UH,O,63
/,SYM,O,63
s,NN,O,63
:,:,O,63
Rs,NNS,CDUE,63
.178722.1,.,CDUE,63
Not,RB,O,63
you,PRP,O,63
?,.,O,63
Call,VB,O,63
18002586161,CD,O,63
"""",``,O,64
ALERT,NN,O,64
:,:,O,64
INR,NNP,DAMT,64
"1,000.00",NNP,DAMT,64
is,VBZ,O,64
spent,VBN,O,64
on,IN,O,64
your,PRP$,O,64
BoB,NN,CBNK,64
Credit,NNP,O,64
Card,NNP,O,64
ending,VBG,O,64
5031,CD,CNUM,64
at,IN,O,64
Upi-texzone,NNP,DTO,64
Informat,NNP,DTO,64
on,IN,O,64
06,CD,O,64
-,HYPH,O,64
07,CD,O,64
-,SYM,O,64
2023,CD,O,64
.,.,O,64
Available,JJ,O,64
credit,NN,O,64
limit,NN,O,64
is,VBZ,O,64
Rs,NNP,ALIM,64
"94,695.00",NNP,ALIM,64
",",",",O,64
Current,JJ,O,64
outstanding,JJ,O,64
is,VBZ,O,64
Rs,NNS,CDUE,64
"4,347.00",CD,CDUE,64
.,.,O,64
Not,RB,O,64
you,PRP,O,64
?,.,O,64
Call,VB,O,64
1800225100,CD,O,64
(,-LRB-,O,64
toll-free,JJ,O,64
),-RRB-,O,64
"""",'',O,64
Confirmation,NN,O,65
:,:,O,65
Payment,NN,O,65
of,IN,O,65
Rs,NNS,CAMT,65
1,CD,CAMT,65
for,IN,O,65
your,PRP$,O,65
BoB,NNP,CBNK,65
Credit,NNP,O,65
Card,NNP,O,65
ending,VBG,O,65
5031,CD,CNUM,65
has,VBZ,O,65
been,VBN,O,65
successfully,RB,O,65
processed,VBN,O,65
.,.,O,65
Available,JJ,O,65
credit,NN,O,65
limit,NN,O,65
is,VBZ,O,65
Rs,NNS,ALIM,65
99989,CD,ALIM,65
.,.,O,65
Visit,VB,O,65
online,JJ,O,65
card,NN,O,65
account,NN,O,65
at,IN,O,65
www.bobfinancial.com,ADD,O,65
for,IN,O,65
details,NNS,O,65
Update,NN,O,66
:,:,O,66
Payment,NN,O,66
of,IN,O,66
Rs,NNP,CAMT,66
11.00,CD,CAMT,66
received,VBN,O,66
for,IN,O,66
your,PRP$,O,66
BoB,NNP,CBNK,66
Credit,NNP,O,66
Card,NNP,O,66
ending,VBG,O,66
5031,CD,CNUM,66
on,IN,O,66
2023,CD,O,66
-,HYPH,O,66
05,CD,O,66
-,HYPH,O,66
05,CD,O,66
.,.,O,66
It,PRP,O,66
will,MD,O,66
be,VB,O,66
processed,VBN,O,66
upon,IN,O,66
clearance,NN,O,66
from,IN,O,66
your,PRP$,O,66
authorised,VBN,O,66
bank,NN,O,66
.,.,O,66
Available,JJ,O,66
credit,NN,O,66
limit,NN,O,66
is,VBZ,O,66
Rs,NNS,ALIM,66
99965.00,CD,ALIM,66
.,.,O,66
Visit,VB,O,66
online,JJ,O,66
card,NN,O,66
account,NN,O,66
at,IN,O,66
www.bobfinancial.com,ADD,O,66
for,IN,O,66
details,NNS,O,66
.,.,O,66
"""",'',O,67
INR,NNP,DAMT,67
"1,509.75",CD,DAMT,67
spent,VBN,O,67
on,IN,O,67
IndusInd,NNP,CBNK,67
Card,NNP,O,67
XX1146,NNP,CNUM,67
on,IN,O,67
03,CD,O,67
-,HYPH,O,67
01,CD,O,67
-,SYM,O,67
2024,CD,O,67
06,CD,O,67
:,:,O,67
57,CD,O,67
:,SYM,O,67
28,CD,O,67
pm,NN,O,67
at,IN,O,67
UPI,NNP,DTO,67
RELIANCE,NNP,DTO,67
RETAIL,JJ,DTO,67
LI,NNP,DTO,67
.,.,O,67
Avl,NNP,O,67
Lmt,NNP,O,67
:,:,O,67
INR,NNP,ALIM,67
"46,064.25",NN,ALIM,67
.,.,O,67
To,TO,O,67
dispute,VB,O,67
",",",",O,67
call,VB,O,67
18602677777,CD,O,67
/,SYM,O,67
SMS,NNP,O,67
BLOCK,NNP,O,67
1146,CD,O,67
to,IN,O,67
5676757,CD,O,67
"""",'',O,67
"""",``,O,68
Rs,NNS,DAMT,68
.,.,DAMT,68
500.88,CD,DAMT,68
spent,VBN,O,68
on,IN,O,68
card,NN,O,68
7865,CD,CNUM,68
on,IN,O,68
14,CD,O,68
-,HYPH,O,68
DEC,NNP,O,68
-,HYPH,O,68
23,CD,O,68
at,IN,O,68
PAY,NNP,DTO,68
*,SYM,DTO,68
Paytm,NNP,DTO,68
.,.,O,68
Limit,VB,O,68
available,JJ,O,68
=,JJ,O,68
Rs,NNS,ALIM,68
.,.,ALIM,68
"4,769.50",CD,ALIM,68
.,.,O,68
If,IN,O,68
not,RB,O,68
done,VBN,O,68
by,IN,O,68
you,PRP,O,68
",",",",O,68
click,VB,O,68
www.citi.asia,ADD,O,68
/,SYM,O,68
DIS,NNP,O,68
?,.,O,68
cn,NNP,O,68
=,CD,O,68
7865,CD,O,68
"""",'',O,68
"""",``,O,69
Dear,NNP,O,69
Customer,NNP,O,69
",",",",O,69
payment,NN,O,69
of,IN,O,69
Rs,NNS,CAMT,69
.,.,CAMT,69
"4,875.67",CD,CAMT,69
received,VBN,O,69
for,IN,O,69
your,PRP$,O,69
credit,NN,O,69
card,NN,O,69
no,UH,O,69
.,.,O,69
4386XXXXXXXX7865,CD,CNUM,69
on,IN,O,69
09,CD,O,69
-,HYPH,O,69
OCT,NN,O,69
-,HYPH,O,69
23,CD,O,69
through,IN,O,69
IMPS,NNP,O,69
.,.,O,69
Thank,VBP,O,69
you,PRP,O,69
!,.,O,69
Your,PRP$,O,69
available,JJ,O,69
credit,NN,O,69
limit,NN,O,69
is,VBZ,O,69
Rs,NNS,ALIM,69
.,.,ALIM,69
"20,853.34",NNPS,ALIM,69
.,.,O,69
Also,RB,O,69
view,VB,O,69
this,DT,O,69
on,IN,O,69
your,PRP$,O,69
mobile,NN,O,69
at,IN,O,69
http,NN,O,69
:,:,O,69
/,SYM,O,69
/,SYM,O,69
m.citibank.co.in,NN,O,69
"""",``,O,69
Payment,NN,O,70
of,IN,O,70
Rs,NNS,CAMT,70
.1000.00,CD,CAMT,70
received,VBN,O,70
for,IN,O,70
card,NN,O,70
*,NFP,CNUM,70
*,NFP,CNUM,70
*,NFP,CNUM,70
*,NFP,CNUM,70
*,NFP,CNUM,70
*,NFP,CNUM,70
*,NFP,CNUM,70
*,NFP,CNUM,70
*,NFP,CNUM,70
*,NFP,CNUM,70
*,NFP,CNUM,70
*,NFP,CNUM,70
0873,CD,CNUM,70
on,IN,O,70
15,CD,O,70
/,SYM,O,70
10,CD,O,70
/,SYM,O,70
22,CD,O,70
.,.,O,70
Limit,VB,O,70
available,JJ,O,70
=,.,O,70
Rs,NNS,ALIM,70
.4301.00,CD,ALIM,70
.,.,O,70
Download,NNP,O,70
CitiMobile,NNP,O,70
app,NN,O,70
to,TO,O,70
track,VB,O,70
spends,NNS,O,70
.,.,O,70
"""",'',O,71
Thanks,NNS,O,71
for,IN,O,71
Rs,NNS,CAMT,71
.9.00,NNP,CAMT,71
received,VBN,O,71
via,IN,O,71
NEFT,NNP,O,71
for,IN,O,71
card,NN,O,71
no,DT,O,71
5521XXXXXXXX1901,NN,CNUM,71
on,IN,O,71
04,CD,O,71
-,HYPH,O,71
SEP,NNP,O,71
-,HYPH,O,71
21,CD,O,71
.,.,O,71
Available,JJ,O,71
credit,NN,O,71
limit,NN,O,71
is,VBZ,O,71
Rs,NNS,ALIM,71
".35,394.00",NN,ALIM,71
-,HYPH,O,71
Citi,NNP,O,71
"""",'',O,71
"""",``,O,72
Alert,JJ,O,72
!,.,O,72
INR,NNP,DAMT,72
"1,905.00",CD,DAMT,72
spent,VBN,O,72
on,IN,O,72
your,PRP$,O,72
AU,NNP,CBNK,72
Bank,NNP,CBNK,72
Credit,NNP,O,72
Card,NNP,O,72
xx6007,NNP,CNUM,72
at,IN,O,72
UPI,NNP,DTO,72
/,SYM,DTO,72
RAM,NNP,DTO,72
on,IN,O,72
14,CD,O,72
-,SYM,O,72
12,CD,O,72
-,SYM,O,72
2023,CD,O,72
at,IN,O,72
08,CD,O,72
:,:,O,72
49,CD,O,72
:,SYM,O,72
28,CD,O,72
pm,NN,O,72
.,.,O,72
Avlb,NNP,O,72
Bal,NNP,O,72
INR,NNP,ALIM,72
"49,601.00",NNP,ALIM,72
.,.,O,72
Not,RB,O,72
you,PRP,O,72
?,.,O,72
Pls,UH,O,72
call,VB,O,72
180012001500,CD,O,72
.,.,O,72
-,:,O,72
AU,NNP,CBNK,72
Bank,NNP,CBNK,72
"""",'',O,72
"""",``,O,73
Hi,UH,O,73
",",",",O,73
e-mandate,NN,O,73
on,IN,O,73
Federal,NNP,CBNK,73
Bank,NNP,CBNK,73
Credit,NNP,O,73
Card,NNP,O,73
is,VBZ,O,73
active,JJ,O,73
for,IN,O,73
Merchant,NNP,O,73
:,:,O,73
Google,NNP,DTO,73
Play,NNP,DTO,73
",",",",O,73
Desc,NNP,O,73
:,:,O,73
PROAccountBookMoneyManager,NNP,O,73
",",",",O,73
Amt,NN,O,73
:,:,O,73
Rs,NNS,DAMT,73
.,.,DAMT,73
499.00,CD,DAMT,73
",",",",O,73
Freq,NNP,O,73
:,:,O,73
annual,JJ,O,73
",",",",O,73
Start,NNP,O,73
Dt,NNP,O,73
:,:,O,73
10,CD,O,73
/,SYM,O,73
01,CD,O,73
/,SYM,O,73
2023,CD,O,73
",",",",O,73
End,NNP,O,73
Dt,NN,O,73
:,:,O,73
31,CD,O,73
/,SYM,O,73
12,CD,O,73
/,SYM,O,73
2033,CD,O,73
",",",",O,73
SiHubid,NN,O,73
:,:,O,73
WP4JPG0ZgG,NN,O,73
",",",",O,73
Manage,NNP,O,73
e-mandate,NN,O,73
:,:,O,73
https,NN,O,73
:,:,O,73
/,SYM,O,73
/,SYM,O,73
www.sihub.in,NNP,O,73
/,SYM,O,73
managesi,JJ,O,73
/,SYM,O,73
federal,JJ,O,73
T,NNP,O,73
&,CC,O,73
CA,NNP,O,73
-,HYPH,O,73
Federal,NNP,CBNK,73
Bank,NNP,CBNK,73
"""",'',O,73
INR,NNP,O,74
2000,CD,O,74
spent,VBN,O,74
on,IN,O,74
Bajaj,NNP,O,74
Finserv,NNP,O,74
DBS,NNP,CBNK,74
Bank,NNP,CBNK,74
SuperCard,NNP,O,74
*,NNP,O,74
*,NFP,O,74
9004,CD,CNUM,74
on,IN,O,74
14022024,CD,O,74
16,CD,O,74
:,SYM,O,74
42,CD,O,74
:,SYM,O,74
54,CD,O,74
at,IN,O,74
SHANTI,NNP,DTO,74
VENTURES,NNP,DTO,74
Avl,NNP,O,74
limit,NN,O,74
:,:,O,74
INR,NNP,ALIM,74
285.52,CD,ALIM,74
Not,RB,O,74
you,PRP,O,74
?,.,O,74
Call,VB,O,74
18602676789,CD,O,74
.,.,O,74
"""",'',O,75
Thank,VBP,O,75
you,PRP,O,75
!,.,O,75
We,PRP,O,75
have,VBP,O,75
received,VBN,O,75
a,DT,O,75
payment,NN,O,75
of,IN,O,75
INR,NNP,CAMT,75
"20,000.00",NNP,CAMT,75
on,IN,O,75
your,PRP$,O,75
Bajaj,NNP,O,75
Finserv,NNP,O,75
DBS,NNP,CBNK,75
Bank,NNP,CBNK,75
SuperCard,NNP,O,75
*,NNP,O,75
*,NFP,O,75
9004,CD,CNUM,75
through,IN,O,75
Default,NNP,O,75
.,.,O,75
Available,JJ,O,75
limit,NN,O,75
is,VBZ,O,75
INR,NNP,ALIM,75
"17,858.89",NNP,ALIM,75
.,.,O,75
"""",'',O,75
"""",``,O,76
Dear,NNP,O,76
Cardholder,NNP,O,76
",",",",O,76
Rs,NNPS,DAMT,76
.,NNP,DAMT,76
10,CD,DAMT,76
was,VBD,O,76
spent,VBN,O,76
on,IN,O,76
your,PRP$,O,76
Credit,NNP,O,76
Card,NNP,O,76
ending,VBG,O,76
3349,CD,CNUM,76
at,IN,O,76
ASIF,NNP,DTO,76
KHAN,NNP,DTO,76
on,IN,O,76
19,CD,O,76
-,HYPH,O,76
JAN,NNP,O,76
-,HYPH,O,76
24,CD,O,76
20,CD,O,76
:,SYM,O,76
14,CD,O,76
:,SYM,O,76
19,CD,O,76
.,.,O,76
Available,JJ,O,76
limit,NN,O,76
is,VBZ,O,76
44990,CD,ALIM,76
.,.,O,76
If,IN,O,76
not,RB,O,76
you,PRP,O,76
",",",",O,76
call,VB,O,76
1800222243,CD,O,76
-,HYPH,O,77
Union,NNP,CBNK,77
Bank,NNP,CBNK,77
of,IN,CBNK,77
India,NNP,CBNK,77
"""",``,O,77
Payment,NNP,O,78
of,IN,O,78
Rs,NNPS,CAMT,78
.,.,CAMT,78
3320.66,CD,CAMT,78
received,VBD,O,78
through,IN,O,78
UMOB,NNP,O,78
vide,NN,O,78
Ref,NNP,O,78
No,DT,O,78
611943682,CD,O,78
was,VBD,O,78
credited,VBN,O,78
to,IN,O,78
your,PRP$,O,78
card,NN,O,78
ending,VBG,O,78
0944,CD,CNUM,78
on,IN,O,78
02,CD,O,78
-,HYPH,O,78
12,CD,O,78
-,SYM,O,78
2023,CD,O,78
.,.,O,78
Avl,NNP,O,78
Bal,NNP,O,78
50000.00,NNP,ALIM,78
-,HYPH,O,78
Union,NNP,CBNK,78
Bank,NNP,CBNK,78
of,IN,CBNK,78
India,NNP,CBNK,78
"""",'',O,79
Dear,NNP,O,79
Cardholder,NNP,O,79
",",",",O,79
Rs,NNS,DAMT,79
.,NNP,DAMT,79
2000,CD,DAMT,79
was,VBD,O,79
spent,VBN,O,79
on,IN,O,79
your,PRP$,O,79
Credit,NNP,O,79
Card,NNP,O,79
ending,VBG,O,79
0944,CD,CNUM,79
at,IN,O,79
RAJINDRA,NNP,DTO,79
FILLING,NNP,DTO,79
STATION,NNP,DTO,79
on,IN,O,79
22,CD,O,79
-,HYPH,O,79
DEC,NNP,O,79
-,HYPH,O,79
23,CD,O,79
15,CD,O,79
:,SYM,O,79
38,CD,O,79
:,SYM,O,79
32,CD,O,79
.,.,O,79
Avail,NNP,O,79
Limit,NNP,O,79
is,VBZ,O,79
47443.2,CD,ALIM,79
-,HYPH,O,79
Union,NNP,CBNK,79
Bank,NNP,CBNK,79
of,IN,CBNK,79
India,NNP,CBNK,79
"""",'',O,79
PNB,NNP,CBNK,80
Credit,NNP,O,80
Card,NNP,O,80
xxxx,NNP,O,80
debited,VBD,O,80
with,IN,O,80
Rs.x,.,O,80
[,-LRB-,O,80
CODE,NN,O,80
:,:,O,80
FWxxxx,NNP,O,80
],-RRB-,O,80
at,IN,O,80
POOJA,NNP,DTO,80
MEDICO,NNP,DTO,80
on,IN,O,80
xx-xx-xxxx,.,O,80
xx,NNP,O,80
:,:,O,80
xx,NN,O,80
through,IN,O,80
UPI,NNP,O,80
:,:,O,80
xxxxxxxxxxxx,NNP,O,80
Avl,NNP,O,80
limit,NN,O,80
Rs,NNS,O,80
.,.,O,80
xxxxxx.xx,ADD,O,80
.,.,O,80
-,:,O,80
PNB,NNP,O,80
Thank,VBP,O,81
you,PRP,O,81
Rs,NNS,CAMT,81
.1,NNP,CAMT,81
/,.,O,81
-,:,O,81
has,VBZ,O,81
been,VBN,O,81
received,VBN,O,81
as,IN,O,81
payment,NN,O,81
towards,IN,O,81
your,PRP$,O,81
PNB,NNP,CBNK,81
credit,NN,O,81
card,NN,O,81
2387,CD,CNUM,81
via,IN,O,81
Online,NNP,O,81
Payment,NNP,O,81
.,.,O,81
Your,PRP$,O,81
available,JJ,O,81
credit,NN,O,81
limit,NN,O,81
is,VBZ,O,81
Rs,NNS,ALIM,81
.301,CD,ALIM,81
.,.,O,81
-,:,O,81
PNB,NNP,O,81
Your,PRP$,O,82
PNB,NNP,CBNK,82
Credit,NNP,O,82
Card,NNP,O,82
xxxx,NNP,O,82
debited,VBD,O,82
with,IN,O,82
Rs.x,.,O,82
[,-LRB-,O,82
CODE,NN,O,82
:,:,O,82
Dxxxxx,NNP,O,82
],-RRB-,O,82
at,IN,O,82
BharatNXT,NNP,O,82
GURGAO,NNP,O,82
on,RP,O,82
xx-xx-xxxx,.,O,82
xx,NNP,O,82
:,:,O,82
xx,ADD,O,82
.,.,O,82
Your,PRP$,O,82
available,JJ,O,82
credit,NN,O,82
limit,NN,O,82
is,VBZ,O,82
Rs,NNS,O,82
xxxxxx.xx,CD,O,82
.,.,O,82
PNB,NNP,O,82
Thank,VBP,O,83
you,PRP,O,83
for,IN,O,83
using,VBG,O,83
StanChart,NNP,CBNK,83
Credit,NNP,O,83
Card,NNP,O,83
No,DT,O,83
XX5885,NN,CNUM,83
on,IN,O,83
11,CD,O,83
/,SYM,O,83
02,CD,O,83
/,SYM,O,83
24,CD,O,83
for,IN,O,83
INR,NNP,DAMT,83
16855.98,CD,DAMT,83
at,IN,O,83
Ing,NNP,DTO,83
*,NNP,DTO,83
BILL,NNP,DTO,83
JUNCTION,NNP,DTO,83
INR,NNP,O,83
.,.,O,83
Avl,NNP,O,83
Limit,NNP,O,83
:,:,O,83
INR,NNP,ALIM,83
154353.00,CD,ALIM,83
.,.,O,83
Click,VB,O,83
https,NN,O,83
:,:,O,83
/,SYM,O,83
/,SYM,O,83
bit.ly,NNP,O,83
/,SYM,O,83
2F127BQ,CD,O,83
if,IN,O,83
you,PRP,O,83
have,VBP,O,83
not,RB,O,83
done,VBN,O,83
this,DT,O,83
transaction,NN,O,83
.,.,O,83
